symbol,date,price
breakfast_,2011-10-01,0.0
breakfast_,2011-11-01,0.0333333333333
breakfast_,2011-12-01,0.0583333333333
breakfast_,2012-01-01,0.085
breakfast_,2012-02-01,0.085
breakfast_,2012-03-01,0.085
breakfast_,2012-04-01,0.0516666666667
breakfast_,2012-05-01,0.0266666666667
breakfast_,2012-06-01,0.02
breakfast_,2012-07-01,0.02
breakfast_,2012-08-01,0.02
breakfast_,2012-09-01,0.02
breakfast_,2012-10-01,0.0342857142857
breakfast_,2012-11-01,0.0142857142857
breakfast_,2012-12-01,0.0142857142857
breakfast_,2013-01-01,0.0442857142857
breakfast_,2013-02-01,0.0596703296703
breakfast_,2013-03-01,0.0453846153846
breakfast_,2013-04-01,0.0653846153846
breakfast_,2013-05-01,0.0796703296703
breakfast_,2013-06-01,0.0607814407814
breakfast_,2013-07-01,0.0703968253968
breakfast_,2013-08-01,0.0703968253968
breakfast_,2013-09-01,0.0587301587302
breakfast_,2013-10-01,0.0611111111111
breakfast_,2013-11-01,0.06
breakfast_,2013-12-01,0.035
breakfast_,2014-01-01,0.035
breakfast_,2014-02-01,0.0501960784314
breakfast_,2014-03-01,0.0335294117647
breakfast_,2014-04-01,0.0346405228758
breakfast_,2014-05-01,0.0346405228758
breakfast_,2014-06-01,0.0346405228758
breakfast_,2014-07-01,0.0194444444444
breakfast_,2014-08-01,0.0194444444444
breakfast_,2014-09-01,0.00833333333333
breakfast_,2014-10-01,0.0212365591398
breakfast_,2014-11-01,0.0212365591398
breakfast_,2014-12-01,0.0129032258065
breakfast_,2015-01-01,0.0129032258065
breakfast_,2015-02-01,0.0209032258065
breakfast_,2015-03-01,0.008
breakfast_,2015-04-01,0.0146666666667
breakfast_,2015-05-01,0.023
breakfast_,2015-06-01,0.023
breakfast_,2015-07-01,0.0208823529412
breakfast_,2015-08-01,0.0208823529412
breakfast_,2015-09-01,0.0142156862745
breakfast_,2015-10-01,0.00588235294118
breakfast_,2015-11-01,0.0344537815126
breakfast_,2015-12-01,0.0285714285714
breakfast_,2016-01-01,0.0285714285714
breakfast_,2016-02-01,0.0423645320197
breakfast_,2016-03-01,0.0503645320197
breakfast_,2016-04-01,0.0335578093306
breakfast_,2016-05-01,0.0335578093306
breakfast_,2016-06-01,0.0335578093306
breakfast_,2016-07-01,0.0197647058824
breakfast_,2016-08-01,0.0117647058824
breakfast_,2016-09-01,0.0
breakfast_,2016-10-01,0.0
breakfast_,2016-11-01,0.0
breakfast_,2016-12-01,0.0
breakfast_,2017-01-01,0.02
dinner_,2011-10-01,0.218571428571
dinner_,2011-11-01,0.318571428571
dinner_,2011-12-01,0.343571428571
dinner_,2012-01-01,0.381666666667
dinner_,2012-02-01,0.415877192982
dinner_,2012-03-01,0.430422647528
dinner_,2012-04-01,0.366786283892
dinner_,2012-05-01,0.261786283892
dinner_,2012-06-01,0.215119617225
dinner_,2012-07-01,0.130909090909
dinner_,2012-08-01,0.138863636364
dinner_,2012-09-01,0.1775
dinner_,2012-10-01,0.243214285714
dinner_,2012-11-01,0.273214285714
dinner_,2012-12-01,0.323214285714
dinner_,2013-01-01,0.350714285714
dinner_,2013-02-01,0.321868131868
dinner_,2013-03-01,0.258376068376
dinner_,2013-04-01,0.248376068376
dinner_,2013-05-01,0.226947496947
dinner_,2013-06-01,0.15916971917
dinner_,2013-07-01,0.163015873016
dinner_,2013-08-01,0.211381886088
dinner_,2013-09-01,0.196381886088
dinner_,2013-10-01,0.167810457516
dinner_,2013-11-01,0.175588235294
dinner_,2013-12-01,0.145588235294
dinner_,2014-01-01,0.122058823529
dinner_,2014-02-01,0.167647058824
dinner_,2014-03-01,0.267647058824
dinner_,2014-04-01,0.270980392157
dinner_,2014-05-01,0.282559339525
dinner_,2014-06-01,0.270794633643
dinner_,2014-07-01,0.233539731682
dinner_,2014-08-01,0.162111160254
dinner_,2014-09-01,0.18877782692
dinner_,2014-10-01,0.215263395681
dinner_,2014-11-01,0.207242005307
dinner_,2014-12-01,0.227242005307
dinner_,2015-01-01,0.251302155682
dinner_,2015-02-01,0.239302155682
dinner_,2015-03-01,0.240496898813
dinner_,2015-04-01,0.246557504873
dinner_,2015-05-01,0.24322417154
dinner_,2015-06-01,0.238211640212
dinner_,2015-07-01,0.237270463741
dinner_,2015-08-01,0.212793813177
dinner_,2015-09-01,0.208031908416
dinner_,2015-10-01,0.20247635286
dinner_,2015-11-01,0.221523971908
dinner_,2015-12-01,0.25303657695
dinner_,2016-01-01,0.252736726875
dinner_,2016-02-01,0.28623426382
dinner_,2016-03-01,0.257789819376
dinner_,2016-04-01,0.214652564474
dinner_,2016-05-01,0.191253549696
dinner_,2016-06-01,0.177823422654
dinner_,2016-07-01,0.138831380214
dinner_,2016-08-01,0.130831380214
dinner_,2016-09-01,0.147301968449
dinner_,2016-10-01,0.134986697513
dinner_,2016-11-01,0.172757595346
dinner_,2016-12-01,0.206823529412
dinner_,2017-01-01,0.278823529412
lunch_,2011-10-01,0.0
lunch_,2011-11-01,0.0
lunch_,2011-12-01,0.025
lunch_,2012-01-01,0.0383333333333
lunch_,2012-02-01,0.0488596491228
lunch_,2012-03-01,0.0670414673046
lunch_,2012-04-01,0.0670414673046
lunch_,2012-05-01,0.0420414673046
lunch_,2012-06-01,0.0487081339713
lunch_,2012-07-01,0.0745454545455
lunch_,2012-08-01,0.0688636363636
lunch_,2012-09-01,0.0688636363636
lunch_,2012-10-01,0.0688636363636
lunch_,2012-11-01,0.082196969697
lunch_,2012-12-01,0.120833333333
lunch_,2013-01-01,0.138333333333
lunch_,2013-02-01,0.169102564103
lunch_,2013-03-01,0.169102564103
lunch_,2013-04-01,0.135769230769
lunch_,2013-05-01,0.0750549450549
lunch_,2013-06-01,0.0672771672772
lunch_,2013-07-01,0.0490079365079
lunch_,2013-08-01,0.0490079365079
lunch_,2013-09-01,0.0656746031746
lunch_,2013-10-01,0.0513888888889
lunch_,2013-11-01,0.0391666666667
lunch_,2013-12-01,0.0666666666667
lunch_,2014-01-01,0.0666666666667
lunch_,2014-02-01,0.0735294117647
lunch_,2014-03-01,0.0735294117647
lunch_,2014-04-01,0.0635294117647
lunch_,2014-05-01,0.0235294117647
lunch_,2014-06-01,0.0235294117647
lunch_,2014-07-01,0.0166666666667
lunch_,2014-08-01,0.0166666666667
lunch_,2014-09-01,0.0366666666667
lunch_,2014-10-01,0.0431182795699
lunch_,2014-11-01,0.0613000977517
lunch_,2014-12-01,0.0713000977517
lunch_,2015-01-01,0.0818264135412
lunch_,2015-02-01,0.0618264135412
lunch_,2015-03-01,0.0775970228602
lunch_,2015-04-01,0.0794152046784
lunch_,2015-05-01,0.0694152046784
lunch_,2015-06-01,0.0779365079365
lunch_,2015-07-01,0.0838188608777
lunch_,2015-08-01,0.0615966386555
lunch_,2015-09-01,0.0415966386555
lunch_,2015-10-01,0.0323373793962
lunch_,2015-11-01,0.0228135698724
lunch_,2015-12-01,0.0312169312169
lunch_,2016-01-01,0.0381134829411
lunch_,2016-02-01,0.0656996898376
lunch_,2016-03-01,0.0582922824302
lunch_,2016-04-01,0.0487684729064
lunch_,2016-05-01,0.0551724137931
lunch_,2016-06-01,0.0588021778584
lunch_,2016-07-01,0.0389082786542
lunch_,2016-08-01,0.0469082786542
lunch_,2016-09-01,0.0469082786542
lunch_,2016-10-01,0.0405043377675
lunch_,2016-11-01,0.0417427278604
lunch_,2016-12-01,0.0340504201681
lunch_,2017-01-01,0.0660504201681
desert_,2011-10-01,0.0485714285714
desert_,2011-11-01,0.0485714285714
desert_,2011-12-01,0.0485714285714
desert_,2012-01-01,0.0333333333333
desert_,2012-02-01,0.0333333333333
desert_,2012-03-01,0.0133333333333
desert_,2012-04-01,0.0133333333333
desert_,2012-05-01,0.0133333333333
desert_,2012-06-01,2.77555756156e-18
desert_,2012-07-01,0.0181818181818
desert_,2012-08-01,0.0181818181818
desert_,2012-09-01,0.0181818181818
desert_,2012-10-01,0.0181818181818
desert_,2012-11-01,0.0181818181818
desert_,2012-12-01,2.77555756156e-18
desert_,2013-01-01,2.77555756156e-18
desert_,2013-02-01,0.0153846153846
desert_,2013-03-01,0.0376068376068
desert_,2013-04-01,0.0376068376068
desert_,2013-05-01,0.0518925518926
desert_,2013-06-01,0.0518925518926
desert_,2013-07-01,0.0365079365079
desert_,2013-08-01,0.0142857142857
desert_,2013-09-01,0.0142857142857
desert_,2013-10-01,0.0
desert_,2013-11-01,0.01
desert_,2013-12-01,0.02
desert_,2014-01-01,0.02
desert_,2014-02-01,0.02
desert_,2014-03-01,0.0325
desert_,2014-04-01,0.0225
desert_,2014-05-01,0.0125
desert_,2014-06-01,0.0125
desert_,2014-07-01,0.0208333333333
desert_,2014-08-01,0.0154761904762
desert_,2014-09-01,0.0154761904762
desert_,2014-10-01,0.0154761904762
desert_,2014-11-01,0.0154761904762
desert_,2014-12-01,0.00714285714286
desert_,2015-01-01,0.0
desert_,2015-02-01,0.0
desert_,2015-03-01,0.0
desert_,2015-04-01,0.0
desert_,2015-05-01,0.00833333333333
desert_,2015-06-01,0.00833333333333
desert_,2015-07-01,0.00833333333333
desert_,2015-08-01,0.00833333333333
desert_,2015-09-01,0.00833333333333
desert_,2015-10-01,0.00740740740741
desert_,2015-11-01,0.00740740740741
desert_,2015-12-01,0.00740740740741
desert_,2016-01-01,0.0143039591315
desert_,2016-02-01,0.0143039591315
desert_,2016-03-01,0.00689655172414
desert_,2016-04-01,0.00689655172414
desert_,2016-05-01,0.00689655172414
desert_,2016-06-01,0.0
desert_,2016-07-01,0.0
desert_,2016-08-01,0.008
desert_,2016-09-01,0.016
desert_,2016-10-01,0.016
desert_,2016-11-01,0.016
desert_,2016-12-01,0.016
desert_,2017-01-01,0.008
bar_,2011-10-01,0.364285714286
bar_,2011-11-01,0.297619047619
bar_,2011-12-01,0.372619047619
bar_,2012-01-01,0.365
bar_,2012-02-01,0.388684210526
bar_,2012-03-01,0.32504784689
bar_,2012-04-01,0.346259968102
bar_,2012-05-01,0.351259968102
bar_,2012-06-01,0.284593301435
bar_,2012-07-01,0.283636363636
bar_,2012-08-01,0.297272727273
bar_,2012-09-01,0.267727272727
bar_,2012-10-01,0.273441558442
bar_,2012-11-01,0.283441558442
bar_,2012-12-01,0.235714285714
bar_,2013-01-01,0.285714285714
bar_,2013-02-01,0.322252747253
bar_,2013-03-01,0.325427350427
bar_,2013-04-01,0.355427350427
bar_,2013-05-01,0.401855921856
bar_,2013-06-01,0.379633699634
bar_,2013-07-01,0.418095238095
bar_,2013-08-01,0.388029878618
bar_,2013-09-01,0.374696545285
bar_,2013-10-01,0.33660130719
bar_,2013-11-01,0.328823529412
bar_,2013-12-01,0.308823529412
bar_,2014-01-01,0.355882352941
bar_,2014-02-01,0.348039215686
bar_,2014-03-01,0.389705882353
bar_,2014-04-01,0.375261437908
bar_,2014-05-01,0.379471964224
bar_,2014-06-01,0.344177846577
bar_,2014-07-01,0.352020983832
bar_,2014-08-01,0.355592412404
bar_,2014-09-01,0.390036856848
bar_,2014-10-01,0.376794072468
bar_,2014-11-01,0.360751291719
bar_,2014-12-01,0.334084625052
bar_,2015-01-01,0.339723722797
bar_,2015-02-01,0.321723722797
bar_,2015-03-01,0.295200425306
bar_,2015-04-01,0.293988304094
bar_,2015-05-01,0.303988304094
bar_,2015-06-01,0.257873015873
bar_,2015-07-01,0.22116713352
bar_,2015-08-01,0.237592254293
bar_,2015-09-01,0.207116063817
bar_,2015-10-01,0.223782730483
bar_,2015-11-01,0.261877968579
bar_,2015-12-01,0.24801242236
bar_,2016-01-01,0.242315270936
bar_,2016-02-01,0.267733990148
bar_,2016-03-01,0.233067323481
bar_,2016-04-01,0.215700376702
bar_,2016-05-01,0.22185801217
bar_,2016-06-01,0.198264545746
bar_,2016-07-01,0.234604068292
bar_,2016-08-01,0.250604068292
bar_,2016-09-01,0.22378053888
bar_,2016-10-01,0.246194331984
bar_,2016-11-01,0.249909502262
bar_,2016-12-01,0.193865546218
bar_,2017-01-01,0.185865546218
bartend_,2011-10-01,0.0857142857143
bartend_,2011-11-01,0.0857142857143
bartend_,2011-12-01,0.110714285714
bartend_,2012-01-01,0.0516666666667
bartend_,2012-02-01,0.0832456140351
bartend_,2012-03-01,0.101427432217
bartend_,2012-04-01,0.137791068581
bartend_,2012-05-01,0.172791068581
bartend_,2012-06-01,0.186124401914
bartend_,2012-07-01,0.172727272727
bartend_,2012-08-01,0.167045454545
bartend_,2012-09-01,0.155681818182
bartend_,2012-10-01,0.124253246753
bartend_,2012-11-01,0.15091991342
bartend_,2012-12-01,0.132738095238
bartend_,2013-01-01,0.140238095238
bartend_,2013-02-01,0.161391941392
bartend_,2013-03-01,0.155042735043
bartend_,2013-04-01,0.128376068376
bartend_,2013-05-01,0.156947496947
bartend_,2013-06-01,0.148058608059
bartend_,2013-07-01,0.126904761905
bartend_,2013-08-01,0.116447245565
bartend_,2013-09-01,0.0931139122316
bartend_,2013-10-01,0.0812091503268
bartend_,2013-11-01,0.0700980392157
bartend_,2013-12-01,0.0650980392157
bartend_,2014-01-01,0.0886274509804
bartend_,2014-02-01,0.0954901960784
bartend_,2014-03-01,0.0913235294118
bartend_,2014-04-01,0.102434640523
bartend_,2014-05-01,0.103487272102
bartend_,2014-06-01,0.103487272102
bartend_,2014-07-01,0.11329119367
bartend_,2014-08-01,0.129362622242
bartend_,2014-09-01,0.148251511131
bartend_,2014-10-01,0.127198879552
bartend_,2014-11-01,0.14645021645
bartend_,2014-12-01,0.139783549784
bartend_,2015-01-01,0.111212121212
bartend_,2015-02-01,0.113212121212
bartend_,2015-03-01,0.12061952862
bartend_,2015-04-01,0.0860740740741
bartend_,2015-05-01,0.0760740740741
bartend_,2015-06-01,0.0855978835979
bartend_,2015-07-01,0.0712449424214
bartend_,2015-08-01,0.063837535014
bartend_,2015-09-01,0.0609803921569
bartend_,2015-10-01,0.0443137254902
bartend_,2015-11-01,0.0633613445378
bartend_,2015-12-01,0.06
bartend_,2016-01-01,0.06
bartend_,2016-02-01,0.0428571428571
bartend_,2016-03-01,0.0428571428571
bartend_,2016-04-01,0.0319327731092
bartend_,2016-05-01,0.0176470588235
bartend_,2016-06-01,0.028173374613
bartend_,2016-07-01,0.0512502976899
bartend_,2016-08-01,0.0672502976899
bartend_,2016-09-01,0.0576032388664
bartend_,2016-10-01,0.0861746674378
bartend_,2016-11-01,0.0991777634131
bartend_,2016-12-01,0.104672268908
bartend_,2017-01-01,0.128672268908
drinks_,2011-10-01,0.0
drinks_,2011-11-01,0.0
drinks_,2011-12-01,0.0
drinks_,2012-01-01,0.0
drinks_,2012-02-01,0.0
drinks_,2012-03-01,0.0
drinks_,2012-04-01,0.0
drinks_,2012-05-01,0.0
drinks_,2012-06-01,0.0
drinks_,2012-07-01,0.0
drinks_,2012-08-01,0.0
drinks_,2012-09-01,0.0
drinks_,2012-10-01,0.0
drinks_,2012-11-01,0.0
drinks_,2012-12-01,0.0
drinks_,2013-01-01,0.0
drinks_,2013-02-01,0.0
drinks_,2013-03-01,0.0
drinks_,2013-04-01,0.0
drinks_,2013-05-01,0.0
drinks_,2013-06-01,0.0
drinks_,2013-07-01,0.0
drinks_,2013-08-01,0.0
drinks_,2013-09-01,0.0
drinks_,2013-10-01,0.0
drinks_,2013-11-01,0.0
drinks_,2013-12-01,0.0
drinks_,2014-01-01,0.0
drinks_,2014-02-01,0.0
drinks_,2014-03-01,0.0
drinks_,2014-04-01,0.0
drinks_,2014-05-01,0.0
drinks_,2014-06-01,0.0
drinks_,2014-07-01,0.0
drinks_,2014-08-01,0.0
drinks_,2014-09-01,0.0
drinks_,2014-10-01,0.0
drinks_,2014-11-01,0.0
drinks_,2014-12-01,0.0
drinks_,2015-01-01,0.0
drinks_,2015-02-01,0.0
drinks_,2015-03-01,0.0
drinks_,2015-04-01,0.0
drinks_,2015-05-01,0.0
drinks_,2015-06-01,0.0
drinks_,2015-07-01,0.0
drinks_,2015-08-01,0.0
drinks_,2015-09-01,0.0
drinks_,2015-10-01,0.0
drinks_,2015-11-01,0.0
drinks_,2015-12-01,0.0
drinks_,2016-01-01,0.0
drinks_,2016-02-01,0.0
drinks_,2016-03-01,0.0
drinks_,2016-04-01,0.0
drinks_,2016-05-01,0.0
drinks_,2016-06-01,0.0
drinks_,2016-07-01,0.0
drinks_,2016-08-01,0.0
drinks_,2016-09-01,0.0
drinks_,2016-10-01,0.0
drinks_,2016-11-01,0.0
drinks_,2016-12-01,0.0
drinks_,2017-01-01,0.0
italian_,2011-10-01,0.0
italian_,2011-11-01,0.0
italian_,2011-12-01,0.0
italian_,2012-01-01,0.0
italian_,2012-02-01,0.0
italian_,2012-03-01,0.0
italian_,2012-04-01,0.0
italian_,2012-05-01,0.0
italian_,2012-06-01,0.0
italian_,2012-07-01,0.0
italian_,2012-08-01,0.0
italian_,2012-09-01,0.0
italian_,2012-10-01,0.0
italian_,2012-11-01,0.0
italian_,2012-12-01,0.0
italian_,2013-01-01,0.0
italian_,2013-02-01,0.0
italian_,2013-03-01,0.0
italian_,2013-04-01,0.0
italian_,2013-05-01,0.0142857142857
italian_,2013-06-01,0.0142857142857
italian_,2013-07-01,0.0142857142857
italian_,2013-08-01,0.0142857142857
italian_,2013-09-01,0.0142857142857
italian_,2013-10-01,0.0
italian_,2013-11-01,0.0
italian_,2013-12-01,0.0
italian_,2014-01-01,0.0
italian_,2014-02-01,0.0
italian_,2014-03-01,0.0
italian_,2014-04-01,0.0
italian_,2014-05-01,0.0
italian_,2014-06-01,0.0
italian_,2014-07-01,0.0
italian_,2014-08-01,0.0
italian_,2014-09-01,0.0
italian_,2014-10-01,0.0
italian_,2014-11-01,0.0
italian_,2014-12-01,0.0
italian_,2015-01-01,0.0
italian_,2015-02-01,0.0
italian_,2015-03-01,0.0
italian_,2015-04-01,0.0
italian_,2015-05-01,0.0
italian_,2015-06-01,0.0
italian_,2015-07-01,0.0
italian_,2015-08-01,0.0
italian_,2015-09-01,0.0
italian_,2015-10-01,0.0
italian_,2015-11-01,0.0
italian_,2015-12-01,0.0
italian_,2016-01-01,0.0
italian_,2016-02-01,0.0
italian_,2016-03-01,0.0
italian_,2016-04-01,0.0
italian_,2016-05-01,0.0
italian_,2016-06-01,0.0
italian_,2016-07-01,0.0
italian_,2016-08-01,0.0
italian_,2016-09-01,0.0
italian_,2016-10-01,0.0
italian_,2016-11-01,0.0
italian_,2016-12-01,0.0
italian_,2017-01-01,0.0
indian_,2011-10-01,0.0
indian_,2011-11-01,0.0
indian_,2011-12-01,0.0
indian_,2012-01-01,0.0
indian_,2012-02-01,0.0
indian_,2012-03-01,0.0
indian_,2012-04-01,0.0
indian_,2012-05-01,0.0
indian_,2012-06-01,0.0
indian_,2012-07-01,0.0
indian_,2012-08-01,0.0
indian_,2012-09-01,0.0
indian_,2012-10-01,0.0
indian_,2012-11-01,0.0
indian_,2012-12-01,0.0
indian_,2013-01-01,0.0
indian_,2013-02-01,0.0
indian_,2013-03-01,0.0
indian_,2013-04-01,0.0
indian_,2013-05-01,0.0
indian_,2013-06-01,0.0
indian_,2013-07-01,0.0
indian_,2013-08-01,0.0
indian_,2013-09-01,0.0
indian_,2013-10-01,0.0
indian_,2013-11-01,0.0
indian_,2013-12-01,0.0
indian_,2014-01-01,0.0
indian_,2014-02-01,0.0
indian_,2014-03-01,0.0
indian_,2014-04-01,0.0
indian_,2014-05-01,0.0
indian_,2014-06-01,0.0
indian_,2014-07-01,0.0
indian_,2014-08-01,0.0
indian_,2014-09-01,0.0
indian_,2014-10-01,0.0
indian_,2014-11-01,0.0
indian_,2014-12-01,0.0
indian_,2015-01-01,0.0
indian_,2015-02-01,0.0
indian_,2015-03-01,0.0
indian_,2015-04-01,0.0
indian_,2015-05-01,0.0
indian_,2015-06-01,0.0
indian_,2015-07-01,0.0
indian_,2015-08-01,0.0
indian_,2015-09-01,0.0
indian_,2015-10-01,0.0
indian_,2015-11-01,0.0
indian_,2015-12-01,0.0
indian_,2016-01-01,0.0
indian_,2016-02-01,0.0
indian_,2016-03-01,0.0
indian_,2016-04-01,0.0
indian_,2016-05-01,0.0
indian_,2016-06-01,0.0
indian_,2016-07-01,0.0
indian_,2016-08-01,0.0
indian_,2016-09-01,0.0
indian_,2016-10-01,0.0
indian_,2016-11-01,0.0
indian_,2016-12-01,0.0
indian_,2017-01-01,0.0
mexican_,2011-10-01,0.0
mexican_,2011-11-01,0.0
mexican_,2011-12-01,0.0
mexican_,2012-01-01,0.0133333333333
mexican_,2012-02-01,0.0133333333333
mexican_,2012-03-01,0.0133333333333
mexican_,2012-04-01,0.0133333333333
mexican_,2012-05-01,0.0133333333333
mexican_,2012-06-01,0.0
mexican_,2012-07-01,0.0
mexican_,2012-08-01,0.0
mexican_,2012-09-01,0.0
mexican_,2012-10-01,0.0
mexican_,2012-11-01,0.0
mexican_,2012-12-01,0.0
mexican_,2013-01-01,0.0
mexican_,2013-02-01,0.0
mexican_,2013-03-01,0.0
mexican_,2013-04-01,0.0
mexican_,2013-05-01,0.0
mexican_,2013-06-01,0.0
mexican_,2013-07-01,0.0
mexican_,2013-08-01,0.0
mexican_,2013-09-01,0.0
mexican_,2013-10-01,0.0
mexican_,2013-11-01,0.0
mexican_,2013-12-01,0.0
mexican_,2014-01-01,0.0
mexican_,2014-02-01,0.0
mexican_,2014-03-01,0.0125
mexican_,2014-04-01,0.0125
mexican_,2014-05-01,0.0125
mexican_,2014-06-01,0.0125
mexican_,2014-07-01,0.0125
mexican_,2014-08-01,0.0
mexican_,2014-09-01,0.0
mexican_,2014-10-01,0.0
mexican_,2014-11-01,0.0
mexican_,2014-12-01,0.0
mexican_,2015-01-01,0.0
mexican_,2015-02-01,0.0
mexican_,2015-03-01,0.0
mexican_,2015-04-01,0.0
mexican_,2015-05-01,0.0
mexican_,2015-06-01,0.0
mexican_,2015-07-01,0.0
mexican_,2015-08-01,0.0
mexican_,2015-09-01,0.0
mexican_,2015-10-01,0.0
mexican_,2015-11-01,0.0
mexican_,2015-12-01,0.0
mexican_,2016-01-01,0.0
mexican_,2016-02-01,0.0
mexican_,2016-03-01,0.0
mexican_,2016-04-01,0.0
mexican_,2016-05-01,0.00689655172414
mexican_,2016-06-01,0.00689655172414
mexican_,2016-07-01,0.00689655172414
mexican_,2016-08-01,0.00689655172414
mexican_,2016-09-01,0.00689655172414
mexican_,2016-10-01,0.0
mexican_,2016-11-01,0.0
mexican_,2016-12-01,0.0
mexican_,2017-01-01,0.02
sandwiches_,2011-10-01,0.0
sandwiches_,2011-11-01,0.0
sandwiches_,2011-12-01,0.0
sandwiches_,2012-01-01,0.0
sandwiches_,2012-02-01,0.0
sandwiches_,2012-03-01,0.0
sandwiches_,2012-04-01,0.0
sandwiches_,2012-05-01,0.0
sandwiches_,2012-06-01,0.0
sandwiches_,2012-07-01,0.0
sandwiches_,2012-08-01,0.0
sandwiches_,2012-09-01,0.0
sandwiches_,2012-10-01,0.0
sandwiches_,2012-11-01,0.0
sandwiches_,2012-12-01,0.0
sandwiches_,2013-01-01,0.0
sandwiches_,2013-02-01,0.0
sandwiches_,2013-03-01,0.0
sandwiches_,2013-04-01,0.0
sandwiches_,2013-05-01,0.0
sandwiches_,2013-06-01,0.0
sandwiches_,2013-07-01,0.0
sandwiches_,2013-08-01,0.0
sandwiches_,2013-09-01,0.0
sandwiches_,2013-10-01,0.0
sandwiches_,2013-11-01,0.0
sandwiches_,2013-12-01,0.0
sandwiches_,2014-01-01,0.0
sandwiches_,2014-02-01,0.0
sandwiches_,2014-03-01,0.0
sandwiches_,2014-04-01,0.0
sandwiches_,2014-05-01,0.0
sandwiches_,2014-06-01,0.0
sandwiches_,2014-07-01,0.0
sandwiches_,2014-08-01,0.0
sandwiches_,2014-09-01,0.0
sandwiches_,2014-10-01,0.0
sandwiches_,2014-11-01,0.0
sandwiches_,2014-12-01,0.0
sandwiches_,2015-01-01,0.0
sandwiches_,2015-02-01,0.0
sandwiches_,2015-03-01,0.0
sandwiches_,2015-04-01,0.0
sandwiches_,2015-05-01,0.0
sandwiches_,2015-06-01,0.0
sandwiches_,2015-07-01,0.0
sandwiches_,2015-08-01,0.0
sandwiches_,2015-09-01,0.0
sandwiches_,2015-10-01,0.0
sandwiches_,2015-11-01,0.0
sandwiches_,2015-12-01,0.0
sandwiches_,2016-01-01,0.0
sandwiches_,2016-02-01,0.0
sandwiches_,2016-03-01,0.0
sandwiches_,2016-04-01,0.0
sandwiches_,2016-05-01,0.0
sandwiches_,2016-06-01,0.0
sandwiches_,2016-07-01,0.0
sandwiches_,2016-08-01,0.0
sandwiches_,2016-09-01,0.0
sandwiches_,2016-10-01,0.0
sandwiches_,2016-11-01,0.0
sandwiches_,2016-12-01,0.0
sandwiches_,2017-01-01,0.0
burgers_,2011-10-01,0.0
burgers_,2011-11-01,0.0
burgers_,2011-12-01,0.0
burgers_,2012-01-01,0.0
burgers_,2012-02-01,0.0
burgers_,2012-03-01,0.0
burgers_,2012-04-01,0.0
burgers_,2012-05-01,0.0
burgers_,2012-06-01,0.0
burgers_,2012-07-01,0.0
burgers_,2012-08-01,0.0
burgers_,2012-09-01,0.0
burgers_,2012-10-01,0.0
burgers_,2012-11-01,0.0
burgers_,2012-12-01,0.0
burgers_,2013-01-01,0.0
burgers_,2013-02-01,0.0
burgers_,2013-03-01,0.0
burgers_,2013-04-01,0.0
burgers_,2013-05-01,0.0
burgers_,2013-06-01,0.0
burgers_,2013-07-01,0.0
burgers_,2013-08-01,0.0
burgers_,2013-09-01,0.0
burgers_,2013-10-01,0.0
burgers_,2013-11-01,0.0
burgers_,2013-12-01,0.0
burgers_,2014-01-01,0.0
burgers_,2014-02-01,0.0
burgers_,2014-03-01,0.0
burgers_,2014-04-01,0.0
burgers_,2014-05-01,0.0
burgers_,2014-06-01,0.0
burgers_,2014-07-01,0.0
burgers_,2014-08-01,0.0
burgers_,2014-09-01,0.0
burgers_,2014-10-01,0.0
burgers_,2014-11-01,0.0
burgers_,2014-12-01,0.0
burgers_,2015-01-01,0.0
burgers_,2015-02-01,0.0
burgers_,2015-03-01,0.0
burgers_,2015-04-01,0.0
burgers_,2015-05-01,0.0
burgers_,2015-06-01,0.0
burgers_,2015-07-01,0.0
burgers_,2015-08-01,0.0
burgers_,2015-09-01,0.0
burgers_,2015-10-01,0.0
burgers_,2015-11-01,0.0
burgers_,2015-12-01,0.0
burgers_,2016-01-01,0.0
burgers_,2016-02-01,0.0
burgers_,2016-03-01,0.0
burgers_,2016-04-01,0.0
burgers_,2016-05-01,0.0
burgers_,2016-06-01,0.0
burgers_,2016-07-01,0.0
burgers_,2016-08-01,0.0
burgers_,2016-09-01,0.0
burgers_,2016-10-01,0.0
burgers_,2016-11-01,0.0
burgers_,2016-12-01,0.0
burgers_,2017-01-01,0.0
pizza_,2011-10-01,0.0
pizza_,2011-11-01,0.0
pizza_,2011-12-01,0.0
pizza_,2012-01-01,0.0
pizza_,2012-02-01,0.0
pizza_,2012-03-01,0.0
pizza_,2012-04-01,0.0
pizza_,2012-05-01,0.0
pizza_,2012-06-01,0.0
pizza_,2012-07-01,0.0
pizza_,2012-08-01,0.0
pizza_,2012-09-01,0.0
pizza_,2012-10-01,0.0
pizza_,2012-11-01,0.0
pizza_,2012-12-01,0.0
pizza_,2013-01-01,0.01
pizza_,2013-02-01,0.01
pizza_,2013-03-01,0.01
pizza_,2013-04-01,0.01
pizza_,2013-05-01,0.01
pizza_,2013-06-01,0.0
pizza_,2013-07-01,0.0
pizza_,2013-08-01,0.0
pizza_,2013-09-01,0.0166666666667
pizza_,2013-10-01,0.0166666666667
pizza_,2013-11-01,0.0166666666667
pizza_,2013-12-01,0.0166666666667
pizza_,2014-01-01,0.0166666666667
pizza_,2014-02-01,0.0
pizza_,2014-03-01,0.0
pizza_,2014-04-01,0.0
pizza_,2014-05-01,0.0
pizza_,2014-06-01,0.0117647058824
pizza_,2014-07-01,0.0117647058824
pizza_,2014-08-01,0.0117647058824
pizza_,2014-09-01,0.0117647058824
pizza_,2014-10-01,0.0117647058824
pizza_,2014-11-01,0.0
pizza_,2014-12-01,0.0
pizza_,2015-01-01,0.0
pizza_,2015-02-01,0.0
pizza_,2015-03-01,0.0
pizza_,2015-04-01,0.0
pizza_,2015-05-01,0.0
pizza_,2015-06-01,0.0
pizza_,2015-07-01,0.0
pizza_,2015-08-01,0.0
pizza_,2015-09-01,0.0
pizza_,2015-10-01,0.0
pizza_,2015-11-01,0.0
pizza_,2015-12-01,0.0
pizza_,2016-01-01,0.0
pizza_,2016-02-01,0.0
pizza_,2016-03-01,0.008
pizza_,2016-04-01,0.008
pizza_,2016-05-01,0.008
pizza_,2016-06-01,0.0185263157895
pizza_,2016-07-01,0.0185263157895
pizza_,2016-08-01,0.0105263157895
pizza_,2016-09-01,0.0105263157895
pizza_,2016-10-01,0.0176691729323
pizza_,2016-11-01,0.00714285714286
pizza_,2016-12-01,0.00714285714286
pizza_,2017-01-01,0.00714285714286
hotdogs_,2011-10-01,0.0
hotdogs_,2011-11-01,0.0
hotdogs_,2011-12-01,0.0
hotdogs_,2012-01-01,0.0
hotdogs_,2012-02-01,0.0
hotdogs_,2012-03-01,0.0
hotdogs_,2012-04-01,0.0
hotdogs_,2012-05-01,0.0
hotdogs_,2012-06-01,0.0
hotdogs_,2012-07-01,0.0
hotdogs_,2012-08-01,0.0
hotdogs_,2012-09-01,0.0
hotdogs_,2012-10-01,0.0
hotdogs_,2012-11-01,0.0
hotdogs_,2012-12-01,0.0
hotdogs_,2013-01-01,0.0
hotdogs_,2013-02-01,0.0
hotdogs_,2013-03-01,0.0
hotdogs_,2013-04-01,0.0
hotdogs_,2013-05-01,0.0
hotdogs_,2013-06-01,0.0
hotdogs_,2013-07-01,0.0
hotdogs_,2013-08-01,0.0
hotdogs_,2013-09-01,0.0
hotdogs_,2013-10-01,0.0
hotdogs_,2013-11-01,0.0
hotdogs_,2013-12-01,0.0
hotdogs_,2014-01-01,0.0
hotdogs_,2014-02-01,0.0
hotdogs_,2014-03-01,0.0
hotdogs_,2014-04-01,0.0
hotdogs_,2014-05-01,0.0
hotdogs_,2014-06-01,0.0
hotdogs_,2014-07-01,0.0
hotdogs_,2014-08-01,0.0
hotdogs_,2014-09-01,0.0
hotdogs_,2014-10-01,0.0
hotdogs_,2014-11-01,0.0
hotdogs_,2014-12-01,0.0
hotdogs_,2015-01-01,0.0
hotdogs_,2015-02-01,0.0
hotdogs_,2015-03-01,0.0
hotdogs_,2015-04-01,0.0
hotdogs_,2015-05-01,0.0
hotdogs_,2015-06-01,0.0
hotdogs_,2015-07-01,0.0
hotdogs_,2015-08-01,0.0
hotdogs_,2015-09-01,0.0
hotdogs_,2015-10-01,0.0
hotdogs_,2015-11-01,0.0
hotdogs_,2015-12-01,0.0
hotdogs_,2016-01-01,0.0
hotdogs_,2016-02-01,0.0
hotdogs_,2016-03-01,0.0
hotdogs_,2016-04-01,0.0
hotdogs_,2016-05-01,0.0
hotdogs_,2016-06-01,0.0
hotdogs_,2016-07-01,0.0
hotdogs_,2016-08-01,0.0
hotdogs_,2016-09-01,0.0
hotdogs_,2016-10-01,0.0
hotdogs_,2016-11-01,0.0
hotdogs_,2016-12-01,0.0
hotdogs_,2017-01-01,0.0
deserts_,2011-10-01,0.0
deserts_,2011-11-01,0.0
deserts_,2011-12-01,0.0
deserts_,2012-01-01,0.0
deserts_,2012-02-01,0.0
deserts_,2012-03-01,0.0
deserts_,2012-04-01,0.0
deserts_,2012-05-01,0.0
deserts_,2012-06-01,0.0
deserts_,2012-07-01,0.0
deserts_,2012-08-01,0.0
deserts_,2012-09-01,0.0
deserts_,2012-10-01,0.0
deserts_,2012-11-01,0.0
deserts_,2012-12-01,0.0
deserts_,2013-01-01,0.0
deserts_,2013-02-01,0.0
deserts_,2013-03-01,0.0
deserts_,2013-04-01,0.0
deserts_,2013-05-01,0.0
deserts_,2013-06-01,0.0
deserts_,2013-07-01,0.0
deserts_,2013-08-01,0.0
deserts_,2013-09-01,0.0
deserts_,2013-10-01,0.0
deserts_,2013-11-01,0.0
deserts_,2013-12-01,0.0
deserts_,2014-01-01,0.0
deserts_,2014-02-01,0.0
deserts_,2014-03-01,0.0
deserts_,2014-04-01,0.0
deserts_,2014-05-01,0.0
deserts_,2014-06-01,0.0
deserts_,2014-07-01,0.0
deserts_,2014-08-01,0.0
deserts_,2014-09-01,0.0
deserts_,2014-10-01,0.0
deserts_,2014-11-01,0.0
deserts_,2014-12-01,0.0
deserts_,2015-01-01,0.0
deserts_,2015-02-01,0.0
deserts_,2015-03-01,0.0
deserts_,2015-04-01,0.0
deserts_,2015-05-01,0.0
deserts_,2015-06-01,0.0
deserts_,2015-07-01,0.0
deserts_,2015-08-01,0.0
deserts_,2015-09-01,0.0
deserts_,2015-10-01,0.0
deserts_,2015-11-01,0.0
deserts_,2015-12-01,0.0
deserts_,2016-01-01,0.0
deserts_,2016-02-01,0.0
deserts_,2016-03-01,0.0
deserts_,2016-04-01,0.0
deserts_,2016-05-01,0.0
deserts_,2016-06-01,0.0
deserts_,2016-07-01,0.0
deserts_,2016-08-01,0.0
deserts_,2016-09-01,0.0
deserts_,2016-10-01,0.0
deserts_,2016-11-01,0.0
deserts_,2016-12-01,0.0
deserts_,2017-01-01,0.0
coffe_,2011-10-01,0.05
coffe_,2011-11-01,0.05
coffe_,2011-12-01,0.075
coffe_,2012-01-01,0.101666666667
coffe_,2012-02-01,0.0516666666667
coffe_,2012-03-01,0.0698484848485
coffe_,2012-04-01,0.0698484848485
coffe_,2012-05-01,0.0448484848485
coffe_,2012-06-01,0.0381818181818
coffe_,2012-07-01,0.0381818181818
coffe_,2012-08-01,0.02
coffe_,2012-09-01,0.02
coffe_,2012-10-01,0.02
coffe_,2012-11-01,0.0
coffe_,2012-12-01,0.0
coffe_,2013-01-01,0.0
coffe_,2013-02-01,0.0153846153846
coffe_,2013-03-01,0.0153846153846
coffe_,2013-04-01,0.0353846153846
coffe_,2013-05-01,0.0496703296703
coffe_,2013-06-01,0.0607814407814
coffe_,2013-07-01,0.0453968253968
coffe_,2013-08-01,0.0453968253968
coffe_,2013-09-01,0.0337301587302
coffe_,2013-10-01,0.0361111111111
coffe_,2013-11-01,0.045
coffe_,2013-12-01,0.045
coffe_,2014-01-01,0.0567647058824
coffe_,2014-02-01,0.0719607843137
coffe_,2014-03-01,0.0677941176471
coffe_,2014-04-01,0.0589052287582
coffe_,2014-05-01,0.0589052287582
coffe_,2014-06-01,0.0471405228758
coffe_,2014-07-01,0.0236111111111
coffe_,2014-08-01,0.0111111111111
coffe_,2014-09-01,1.11022302463e-17
coffe_,2014-10-01,1.11022302463e-17
coffe_,2014-11-01,1.11022302463e-17
coffe_,2014-12-01,1.11022302463e-17
coffe_,2015-01-01,0.0210526315789
coffe_,2015-02-01,0.0210526315789
coffe_,2015-03-01,0.0210526315789
coffe_,2015-04-01,0.0277192982456
coffe_,2015-05-01,0.0277192982456
coffe_,2015-06-01,0.00666666666667
coffe_,2015-07-01,0.00666666666667
coffe_,2015-08-01,0.00666666666667
coffe_,2015-09-01,0.00571428571429
coffe_,2015-10-01,0.0353439153439
coffe_,2015-11-01,0.0448677248677
coffe_,2015-12-01,0.0520105820106
coffe_,2016-01-01,0.0520105820106
coffe_,2016-02-01,0.0462962962963
coffe_,2016-03-01,0.0246666666667
coffe_,2016-04-01,0.0151428571429
coffe_,2016-05-01,0.0148965517241
coffe_,2016-06-01,0.0148965517241
coffe_,2016-07-01,0.0148965517241
coffe_,2016-08-01,0.00689655172414
coffe_,2016-09-01,0.00689655172414
coffe_,2016-10-01,4.16333634234e-18
coffe_,2016-11-01,4.16333634234e-18
coffe_,2016-12-01,4.16333634234e-18
coffe_,2017-01-01,4.16333634234e-18
thai_,2011-10-01,0.0
thai_,2011-11-01,0.0
thai_,2011-12-01,0.0
thai_,2012-01-01,0.0
thai_,2012-02-01,0.0
thai_,2012-03-01,0.0
thai_,2012-04-01,0.0
thai_,2012-05-01,0.0
thai_,2012-06-01,0.0
thai_,2012-07-01,0.0181818181818
thai_,2012-08-01,0.0181818181818
thai_,2012-09-01,0.0181818181818
thai_,2012-10-01,0.0324675324675
thai_,2012-11-01,0.0324675324675
thai_,2012-12-01,0.0142857142857
thai_,2013-01-01,0.0242857142857
thai_,2013-02-01,0.0396703296703
thai_,2013-03-01,0.0253846153846
thai_,2013-04-01,0.0253846153846
thai_,2013-05-01,0.0253846153846
thai_,2013-06-01,0.0264957264957
thai_,2013-07-01,0.0111111111111
thai_,2013-08-01,0.0111111111111
thai_,2013-09-01,0.0194444444444
thai_,2013-10-01,0.0194444444444
thai_,2013-11-01,0.00833333333333
thai_,2013-12-01,0.00833333333333
thai_,2014-01-01,0.00833333333333
thai_,2014-02-01,4.16333634234e-18
thai_,2014-03-01,4.16333634234e-18
thai_,2014-04-01,4.16333634234e-18
thai_,2014-05-01,4.16333634234e-18
thai_,2014-06-01,4.16333634234e-18
thai_,2014-07-01,4.16333634234e-18
thai_,2014-08-01,4.16333634234e-18
thai_,2014-09-01,0.01
thai_,2014-10-01,0.01
thai_,2014-11-01,0.0190909090909
thai_,2014-12-01,0.0190909090909
thai_,2015-01-01,0.0190909090909
thai_,2015-02-01,0.00909090909091
thai_,2015-03-01,0.00909090909091
thai_,2015-04-01,5.55111512313e-18
thai_,2015-05-01,0.00833333333333
thai_,2015-06-01,0.00833333333333
thai_,2015-07-01,0.00833333333333
thai_,2015-08-01,0.00833333333333
thai_,2015-09-01,0.00833333333333
thai_,2015-10-01,5.55111512313e-18
thai_,2015-11-01,5.55111512313e-18
thai_,2015-12-01,5.55111512313e-18
thai_,2016-01-01,0.0137931034483
thai_,2016-02-01,0.0137931034483
thai_,2016-03-01,0.0137931034483
thai_,2016-04-01,0.0137931034483
thai_,2016-05-01,0.0206896551724
thai_,2016-06-01,0.00689655172414
thai_,2016-07-01,0.0145888594164
thai_,2016-08-01,0.0145888594164
thai_,2016-09-01,0.0145888594164
thai_,2016-10-01,0.00769230769231
thai_,2016-11-01,0.00769230769231
thai_,2016-12-01,5.55111512313e-18
thai_,2017-01-01,5.55111512313e-18
japenes_,2011-10-01,0.0
japenes_,2011-11-01,0.0
japenes_,2011-12-01,0.0
japenes_,2012-01-01,0.0
japenes_,2012-02-01,0.0
japenes_,2012-03-01,0.0
japenes_,2012-04-01,0.0
japenes_,2012-05-01,0.0
japenes_,2012-06-01,0.0
japenes_,2012-07-01,0.0
japenes_,2012-08-01,0.0
japenes_,2012-09-01,0.0
japenes_,2012-10-01,0.0
japenes_,2012-11-01,0.0
japenes_,2012-12-01,0.0
japenes_,2013-01-01,0.0
japenes_,2013-02-01,0.0
japenes_,2013-03-01,0.0
japenes_,2013-04-01,0.0
japenes_,2013-05-01,0.0
japenes_,2013-06-01,0.0
japenes_,2013-07-01,0.0
japenes_,2013-08-01,0.0
japenes_,2013-09-01,0.0
japenes_,2013-10-01,0.0
japenes_,2013-11-01,0.0
japenes_,2013-12-01,0.0
japenes_,2014-01-01,0.0
japenes_,2014-02-01,0.0
japenes_,2014-03-01,0.0
japenes_,2014-04-01,0.0
japenes_,2014-05-01,0.0
japenes_,2014-06-01,0.0
japenes_,2014-07-01,0.0
japenes_,2014-08-01,0.0
japenes_,2014-09-01,0.0
japenes_,2014-10-01,0.0
japenes_,2014-11-01,0.0
japenes_,2014-12-01,0.0
japenes_,2015-01-01,0.0
japenes_,2015-02-01,0.0
japenes_,2015-03-01,0.0
japenes_,2015-04-01,0.0
japenes_,2015-05-01,0.0
japenes_,2015-06-01,0.0
japenes_,2015-07-01,0.0
japenes_,2015-08-01,0.0
japenes_,2015-09-01,0.0
japenes_,2015-10-01,0.0
japenes_,2015-11-01,0.0
japenes_,2015-12-01,0.0
japenes_,2016-01-01,0.0
japenes_,2016-02-01,0.0
japenes_,2016-03-01,0.0
japenes_,2016-04-01,0.0
japenes_,2016-05-01,0.0
japenes_,2016-06-01,0.0
japenes_,2016-07-01,0.0
japenes_,2016-08-01,0.0
japenes_,2016-09-01,0.0
japenes_,2016-10-01,0.0
japenes_,2016-11-01,0.0
japenes_,2016-12-01,0.0
japenes_,2017-01-01,0.0
tuna_,2011-10-01,0.0
tuna_,2011-11-01,0.0333333333333
tuna_,2011-12-01,0.0333333333333
tuna_,2012-01-01,0.0333333333333
tuna_,2012-02-01,0.0333333333333
tuna_,2012-03-01,0.0515151515152
tuna_,2012-04-01,0.0363636363636
tuna_,2012-05-01,0.0563636363636
tuna_,2012-06-01,0.0563636363636
tuna_,2012-07-01,0.0563636363636
tuna_,2012-08-01,0.0506818181818
tuna_,2012-09-01,0.0325
tuna_,2012-10-01,0.0125
tuna_,2012-11-01,0.0125
tuna_,2012-12-01,0.0125
tuna_,2013-01-01,0.0
tuna_,2013-02-01,0.0
tuna_,2013-03-01,0.0
tuna_,2013-04-01,0.0
tuna_,2013-05-01,0.0
tuna_,2013-06-01,0.0
tuna_,2013-07-01,0.0125
tuna_,2013-08-01,0.0125
tuna_,2013-09-01,0.0291666666667
tuna_,2013-10-01,0.0291666666667
tuna_,2013-11-01,0.0291666666667
tuna_,2013-12-01,0.0166666666667
tuna_,2014-01-01,0.0166666666667
tuna_,2014-02-01,0.0
tuna_,2014-03-01,0.0125
tuna_,2014-04-01,0.0125
tuna_,2014-05-01,0.0125
tuna_,2014-06-01,0.0242647058824
tuna_,2014-07-01,0.0242647058824
tuna_,2014-08-01,0.0260504201681
tuna_,2014-09-01,0.0260504201681
tuna_,2014-10-01,0.0260504201681
tuna_,2014-11-01,0.0142857142857
tuna_,2014-12-01,0.0142857142857
tuna_,2015-01-01,0.0
tuna_,2015-02-01,0.0
tuna_,2015-03-01,0.0
tuna_,2015-04-01,0.0
tuna_,2015-05-01,0.0
tuna_,2015-06-01,0.0
tuna_,2015-07-01,0.00588235294118
tuna_,2015-08-01,0.00588235294118
tuna_,2015-09-01,0.0115966386555
tuna_,2015-10-01,0.0190040460629
tuna_,2015-11-01,0.0285278555867
tuna_,2015-12-01,0.0226455026455
tuna_,2016-01-01,0.0226455026455
tuna_,2016-02-01,0.0169312169312
tuna_,2016-03-01,0.00952380952381
tuna_,2016-04-01,0.0
tuna_,2016-05-01,0.0
tuna_,2016-06-01,0.0
tuna_,2016-07-01,0.0
tuna_,2016-08-01,0.0
tuna_,2016-09-01,0.0
tuna_,2016-10-01,0.00714285714286
tuna_,2016-11-01,0.00714285714286
tuna_,2016-12-01,0.00714285714286
tuna_,2017-01-01,0.00714285714286
delici_,2011-10-01,0.331428571429
delici_,2011-11-01,0.281428571429
delici_,2011-12-01,0.406428571429
delici_,2012-01-01,0.301666666667
delici_,2012-02-01,0.325350877193
delici_,2012-03-01,0.319896331738
delici_,2012-04-01,0.374441786284
delici_,2012-05-01,0.289441786284
delici_,2012-06-01,0.262775119617
delici_,2012-07-01,0.225454545455
delici_,2012-08-01,0.220909090909
delici_,2012-09-01,0.266363636364
delici_,2012-10-01,0.269220779221
delici_,2012-11-01,0.279220779221
delici_,2012-12-01,0.267857142857
delici_,2013-01-01,0.277857142857
delici_,2013-02-01,0.224010989011
delici_,2013-03-01,0.270042735043
delici_,2013-04-01,0.300042735043
delici_,2013-05-01,0.303614163614
delici_,2013-06-01,0.288058608059
delici_,2013-07-01,0.279404761905
delici_,2013-08-01,0.272868814192
delici_,2013-09-01,0.242868814192
delici_,2013-10-01,0.297630718954
delici_,2013-11-01,0.29318627451
delici_,2013-12-01,0.32568627451
delici_,2014-01-01,0.32568627451
delici_,2014-02-01,0.334509803922
delici_,2014-03-01,0.326176470588
delici_,2014-04-01,0.330620915033
delici_,2014-05-01,0.31325249398
delici_,2014-06-01,0.289723082215
delici_,2014-07-01,0.314232886137
delici_,2014-08-01,0.317804314708
delici_,2014-09-01,0.333359870264
delici_,2014-10-01,0.345244420349
delici_,2014-11-01,0.340966345482
delici_,2014-12-01,0.310966345482
delici_,2015-01-01,0.306079127437
delici_,2015-02-01,0.286079127437
delici_,2015-03-01,0.251192628035
delici_,2015-04-01,0.243313840156
delici_,2015-05-01,0.256647173489
delici_,2015-06-01,0.211534391534
delici_,2015-07-01,0.218593215064
delici_,2015-08-01,0.241137498478
delici_,2015-09-01,0.24589940324
delici_,2015-10-01,0.223677181017
delici_,2015-11-01,0.233200990541
delici_,2015-12-01,0.20757073844
delici_,2016-01-01,0.182983032293
delici_,2016-02-01,0.200519978106
delici_,2016-03-01,0.196075533662
delici_,2016-04-01,0.210921472037
delici_,2016-05-01,0.244665314402
delici_,2016-06-01,0.259184370663
delici_,2016-07-01,0.205603468806
delici_,2016-08-01,0.205603468806
delici_,2016-09-01,0.176662292336
delici_,2016-10-01,0.178632735685
delici_,2016-11-01,0.160056884292
delici_,2016-12-01,0.20181512605
delici_,2017-01-01,0.22181512605
milkshake_,2011-10-01,0.0
milkshake_,2011-11-01,0.0
milkshake_,2011-12-01,0.0
milkshake_,2012-01-01,0.0
milkshake_,2012-02-01,0.0
milkshake_,2012-03-01,0.0
milkshake_,2012-04-01,0.0
milkshake_,2012-05-01,0.0
milkshake_,2012-06-01,0.0
milkshake_,2012-07-01,0.0
milkshake_,2012-08-01,0.0
milkshake_,2012-09-01,0.0
milkshake_,2012-10-01,0.0
milkshake_,2012-11-01,0.0
milkshake_,2012-12-01,0.0
milkshake_,2013-01-01,0.0
milkshake_,2013-02-01,0.0
milkshake_,2013-03-01,0.0
milkshake_,2013-04-01,0.0
milkshake_,2013-05-01,0.0
milkshake_,2013-06-01,0.0
milkshake_,2013-07-01,0.0
milkshake_,2013-08-01,0.0
milkshake_,2013-09-01,0.0
milkshake_,2013-10-01,0.0
milkshake_,2013-11-01,0.0
milkshake_,2013-12-01,0.0
milkshake_,2014-01-01,0.0
milkshake_,2014-02-01,0.0
milkshake_,2014-03-01,0.0
milkshake_,2014-04-01,0.0
milkshake_,2014-05-01,0.0
milkshake_,2014-06-01,0.0
milkshake_,2014-07-01,0.0
milkshake_,2014-08-01,0.0
milkshake_,2014-09-01,0.0
milkshake_,2014-10-01,0.0
milkshake_,2014-11-01,0.0
milkshake_,2014-12-01,0.0
milkshake_,2015-01-01,0.0
milkshake_,2015-02-01,0.0
milkshake_,2015-03-01,0.0
milkshake_,2015-04-01,0.0
milkshake_,2015-05-01,0.0
milkshake_,2015-06-01,0.0
milkshake_,2015-07-01,0.0
milkshake_,2015-08-01,0.0
milkshake_,2015-09-01,0.0
milkshake_,2015-10-01,0.0
milkshake_,2015-11-01,0.0
milkshake_,2015-12-01,0.0
milkshake_,2016-01-01,0.0
milkshake_,2016-02-01,0.0
milkshake_,2016-03-01,0.0
milkshake_,2016-04-01,0.0
milkshake_,2016-05-01,0.0
milkshake_,2016-06-01,0.0
milkshake_,2016-07-01,0.0
milkshake_,2016-08-01,0.0
milkshake_,2016-09-01,0.0
milkshake_,2016-10-01,0.0
milkshake_,2016-11-01,0.0
milkshake_,2016-12-01,0.0
milkshake_,2017-01-01,0.0
cake_,2011-10-01,0.0
cake_,2011-11-01,0.0
cake_,2011-12-01,0.0
cake_,2012-01-01,0.0133333333333
cake_,2012-02-01,0.0238596491228
cake_,2012-03-01,0.0238596491228
cake_,2012-04-01,0.0238596491228
cake_,2012-05-01,0.0238596491228
cake_,2012-06-01,0.0105263157895
cake_,2012-07-01,0.0
cake_,2012-08-01,0.0
cake_,2012-09-01,0.0
cake_,2012-10-01,0.0
cake_,2012-11-01,0.0166666666667
cake_,2012-12-01,0.0166666666667
cake_,2013-01-01,0.0166666666667
cake_,2013-02-01,0.0166666666667
cake_,2013-03-01,0.0166666666667
cake_,2013-04-01,0.0
cake_,2013-05-01,0.0142857142857
cake_,2013-06-01,0.0142857142857
cake_,2013-07-01,0.0142857142857
cake_,2013-08-01,0.0142857142857
cake_,2013-09-01,0.0142857142857
cake_,2013-10-01,0.0
cake_,2013-11-01,0.0
cake_,2013-12-01,0.01
cake_,2014-01-01,0.01
cake_,2014-02-01,0.01
cake_,2014-03-01,0.0225
cake_,2014-04-01,0.0336111111111
cake_,2014-05-01,0.0236111111111
cake_,2014-06-01,0.0236111111111
cake_,2014-07-01,0.0236111111111
cake_,2014-08-01,0.0111111111111
cake_,2014-09-01,2.77555756156e-18
cake_,2014-10-01,2.77555756156e-18
cake_,2014-11-01,2.77555756156e-18
cake_,2014-12-01,2.77555756156e-18
cake_,2015-01-01,2.77555756156e-18
cake_,2015-02-01,2.77555756156e-18
cake_,2015-03-01,2.77555756156e-18
cake_,2015-04-01,2.77555756156e-18
cake_,2015-05-01,2.77555756156e-18
cake_,2015-06-01,0.00952380952381
cake_,2015-07-01,0.015406162465
cake_,2015-08-01,0.0241018146389
cake_,2015-09-01,0.0298161003532
cake_,2015-10-01,0.0298161003532
cake_,2015-11-01,0.0202922908294
cake_,2015-12-01,0.0144099378882
cake_,2016-01-01,0.00571428571429
cake_,2016-02-01,2.08166817117e-18
cake_,2016-03-01,2.08166817117e-18
cake_,2016-04-01,0.00588235294118
cake_,2016-05-01,0.00588235294118
cake_,2016-06-01,0.00588235294118
cake_,2016-07-01,0.00588235294118
cake_,2016-08-01,0.00588235294118
cake_,2016-09-01,2.08166817117e-18
cake_,2016-10-01,2.08166817117e-18
cake_,2016-11-01,0.0117647058824
cake_,2016-12-01,0.0117647058824
cake_,2017-01-01,0.0117647058824
pasta_,2011-10-01,0.118571428571
pasta_,2011-11-01,0.118571428571
pasta_,2011-12-01,0.0935714285714
pasta_,2012-01-01,0.0916666666667
pasta_,2012-02-01,0.0916666666667
pasta_,2012-03-01,0.0516666666667
pasta_,2012-04-01,0.0516666666667
pasta_,2012-05-01,0.0266666666667
pasta_,2012-06-01,0.0
pasta_,2012-07-01,0.0363636363636
pasta_,2012-08-01,0.0488636363636
pasta_,2012-09-01,0.0488636363636
pasta_,2012-10-01,0.0774350649351
pasta_,2012-11-01,0.0941017316017
pasta_,2012-12-01,0.0827380952381
pasta_,2013-01-01,0.0802380952381
pasta_,2013-02-01,0.0956227106227
pasta_,2013-03-01,0.0670512820513
pasta_,2013-04-01,0.0503846153846
pasta_,2013-05-01,0.0253846153846
pasta_,2013-06-01,0.0153846153846
pasta_,2013-07-01,0.0
pasta_,2013-08-01,0.0
pasta_,2013-09-01,0.0
pasta_,2013-10-01,0.0166666666667
pasta_,2013-11-01,0.0266666666667
pasta_,2013-12-01,0.0366666666667
pasta_,2014-01-01,0.048431372549
pasta_,2014-02-01,0.0601960784314
pasta_,2014-03-01,0.0435294117647
pasta_,2014-04-01,0.0335294117647
pasta_,2014-05-01,0.0235294117647
pasta_,2014-06-01,0.0352941176471
pasta_,2014-07-01,0.031862745098
pasta_,2014-08-01,0.0390056022409
pasta_,2014-09-01,0.0690056022409
pasta_,2014-10-01,0.0754572151441
pasta_,2014-11-01,0.0519278033794
pasta_,2014-12-01,0.0435944700461
pasta_,2015-01-01,0.0364516129032
pasta_,2015-02-01,0.00645161290323
pasta_,2015-03-01,0.0
pasta_,2015-04-01,0.00666666666667
pasta_,2015-05-01,0.0483333333333
pasta_,2015-06-01,0.0578571428571
pasta_,2015-07-01,0.0578571428571
pasta_,2015-08-01,0.075248447205
pasta_,2015-09-01,0.0742960662526
pasta_,2015-10-01,0.0400368069933
pasta_,2015-11-01,0.0400368069933
pasta_,2015-12-01,0.0471796641362
pasta_,2016-01-01,0.0297883597884
pasta_,2016-02-01,0.0240740740741
pasta_,2016-03-01,0.0246666666667
pasta_,2016-04-01,0.0269075630252
pasta_,2016-05-01,0.0266612576065
pasta_,2016-06-01,0.0477138891854
pasta_,2016-07-01,0.0477138891854
pasta_,2016-08-01,0.0397138891854
pasta_,2016-09-01,0.0359491833031
pasta_,2016-10-01,0.0290526315789
pasta_,2016-11-01,0.008
pasta_,2016-12-01,0.0222857142857
pasta_,2017-01-01,0.0222857142857
burger_,2011-10-01,0.17
burger_,2011-11-01,0.153333333333
burger_,2011-12-01,0.128333333333
burger_,2012-01-01,0.195
burger_,2012-02-01,0.187105263158
burger_,2012-03-01,0.203468899522
burger_,2012-04-01,0.206499202552
burger_,2012-05-01,0.221499202552
burger_,2012-06-01,0.174832535885
burger_,2012-07-01,0.150909090909
burger_,2012-08-01,0.152045454545
burger_,2012-09-01,0.115681818182
burger_,2012-10-01,0.0756818181818
burger_,2012-11-01,0.0890151515152
burger_,2012-12-01,0.0708333333333
burger_,2013-01-01,0.0433333333333
burger_,2013-02-01,0.0741025641026
burger_,2013-03-01,0.0963247863248
burger_,2013-04-01,0.102991452991
burger_,2013-05-01,0.145848595849
burger_,2013-06-01,0.158070818071
burger_,2013-07-01,0.152301587302
burger_,2013-08-01,0.153608776844
burger_,2013-09-01,0.130275443511
burger_,2013-10-01,0.120751633987
burger_,2013-11-01,0.118529411765
burger_,2013-12-01,0.113529411765
burger_,2014-01-01,0.101764705882
burger_,2014-02-01,0.0850980392157
burger_,2014-03-01,0.0767647058824
burger_,2014-04-01,0.0900980392157
burger_,2014-05-01,0.101676986584
burger_,2014-06-01,0.0899122807018
burger_,2014-07-01,0.114912280702
burger_,2014-08-01,0.104197994987
burger_,2014-09-01,0.110864661654
burger_,2014-10-01,0.0921889400922
burger_,2014-11-01,0.110370758274
burger_,2014-12-01,0.0987040916073
burger_,2015-01-01,0.126523640479
burger_,2015-02-01,0.102523640479
burger_,2015-03-01,0.104435229488
burger_,2015-04-01,0.106253411306
burger_,2015-05-01,0.101253411306
burger_,2015-06-01,0.0781957671958
burger_,2015-07-01,0.0680781201369
burger_,2015-08-01,0.061958957496
burger_,2015-09-01,0.0533875289246
burger_,2015-10-01,0.0598690104061
burger_,2015-11-01,0.0598690104061
burger_,2015-12-01,0.0539866574649
burger_,2016-01-01,0.0521875570151
burger_,2016-02-01,0.0545520890348
burger_,2016-03-01,0.07173727422
burger_,2016-04-01,0.0703367139959
burger_,2016-05-01,0.0772332657201
burger_,2016-06-01,0.0808630297854
burger_,2016-07-01,0.0824545417218
burger_,2016-08-01,0.0504545417218
burger_,2016-09-01,0.0568074828982
burger_,2016-10-01,0.0570537883169
burger_,2016-11-01,0.0818215901745
burger_,2016-12-01,0.0807226890756
burger_,2017-01-01,0.100722689076
sushi_,2011-10-01,0.0
sushi_,2011-11-01,0.0
sushi_,2011-12-01,0.0
sushi_,2012-01-01,0.0
sushi_,2012-02-01,0.0
sushi_,2012-03-01,0.0
sushi_,2012-04-01,0.0
sushi_,2012-05-01,0.0
sushi_,2012-06-01,0.0
sushi_,2012-07-01,0.0
sushi_,2012-08-01,0.0125
sushi_,2012-09-01,0.0125
sushi_,2012-10-01,0.0125
sushi_,2012-11-01,0.0125
sushi_,2012-12-01,0.0125
sushi_,2013-01-01,0.0
sushi_,2013-02-01,0.0
sushi_,2013-03-01,0.0
sushi_,2013-04-01,0.0
sushi_,2013-05-01,0.0
sushi_,2013-06-01,0.0
sushi_,2013-07-01,0.0
sushi_,2013-08-01,0.0
sushi_,2013-09-01,0.0
sushi_,2013-10-01,0.0
sushi_,2013-11-01,0.0
sushi_,2013-12-01,0.0
sushi_,2014-01-01,0.0
sushi_,2014-02-01,0.0
sushi_,2014-03-01,0.0
sushi_,2014-04-01,0.0
sushi_,2014-05-01,0.0
sushi_,2014-06-01,0.0
sushi_,2014-07-01,0.0
sushi_,2014-08-01,0.0
sushi_,2014-09-01,0.0
sushi_,2014-10-01,0.0
sushi_,2014-11-01,0.0
sushi_,2014-12-01,0.0
sushi_,2015-01-01,0.0
sushi_,2015-02-01,0.0
sushi_,2015-03-01,0.0
sushi_,2015-04-01,0.0
sushi_,2015-05-01,0.0
sushi_,2015-06-01,0.0
sushi_,2015-07-01,0.0
sushi_,2015-08-01,0.0
sushi_,2015-09-01,0.0
sushi_,2015-10-01,0.0
sushi_,2015-11-01,0.0
sushi_,2015-12-01,0.0
sushi_,2016-01-01,0.0
sushi_,2016-02-01,0.0
sushi_,2016-03-01,0.0
sushi_,2016-04-01,0.0
sushi_,2016-05-01,0.0
sushi_,2016-06-01,0.0
sushi_,2016-07-01,0.0
sushi_,2016-08-01,0.0
sushi_,2016-09-01,0.0
sushi_,2016-10-01,0.0
sushi_,2016-11-01,0.0
sushi_,2016-12-01,0.0
sushi_,2017-01-01,0.0
gyro_,2011-10-01,0.0
gyro_,2011-11-01,0.0
gyro_,2011-12-01,0.0
gyro_,2012-01-01,0.0
gyro_,2012-02-01,0.0
gyro_,2012-03-01,0.0
gyro_,2012-04-01,0.0
gyro_,2012-05-01,0.0
gyro_,2012-06-01,0.0
gyro_,2012-07-01,0.0
gyro_,2012-08-01,0.0
gyro_,2012-09-01,0.0
gyro_,2012-10-01,0.0
gyro_,2012-11-01,0.0
gyro_,2012-12-01,0.0
gyro_,2013-01-01,0.0
gyro_,2013-02-01,0.0
gyro_,2013-03-01,0.0
gyro_,2013-04-01,0.0
gyro_,2013-05-01,0.0
gyro_,2013-06-01,0.0
gyro_,2013-07-01,0.0
gyro_,2013-08-01,0.0
gyro_,2013-09-01,0.0
gyro_,2013-10-01,0.0
gyro_,2013-11-01,0.0
gyro_,2013-12-01,0.0
gyro_,2014-01-01,0.0
gyro_,2014-02-01,0.0
gyro_,2014-03-01,0.0
gyro_,2014-04-01,0.0
gyro_,2014-05-01,0.0
gyro_,2014-06-01,0.0
gyro_,2014-07-01,0.0
gyro_,2014-08-01,0.0
gyro_,2014-09-01,0.0
gyro_,2014-10-01,0.0
gyro_,2014-11-01,0.0
gyro_,2014-12-01,0.0
gyro_,2015-01-01,0.0
gyro_,2015-02-01,0.0
gyro_,2015-03-01,0.0
gyro_,2015-04-01,0.0
gyro_,2015-05-01,0.0
gyro_,2015-06-01,0.0
gyro_,2015-07-01,0.0
gyro_,2015-08-01,0.0
gyro_,2015-09-01,0.0
gyro_,2015-10-01,0.0
gyro_,2015-11-01,0.0
gyro_,2015-12-01,0.0
gyro_,2016-01-01,0.0
gyro_,2016-02-01,0.0
gyro_,2016-03-01,0.0
gyro_,2016-04-01,0.0
gyro_,2016-05-01,0.0
gyro_,2016-06-01,0.0
gyro_,2016-07-01,0.0
gyro_,2016-08-01,0.0
gyro_,2016-09-01,0.0
gyro_,2016-10-01,0.0
gyro_,2016-11-01,0.0
gyro_,2016-12-01,0.0
gyro_,2017-01-01,0.0
lamb_,2011-10-01,0.0
lamb_,2011-11-01,0.0
lamb_,2011-12-01,0.0
lamb_,2012-01-01,0.0133333333333
lamb_,2012-02-01,0.0238596491228
lamb_,2012-03-01,0.0420414673046
lamb_,2012-04-01,0.0420414673046
lamb_,2012-05-01,0.0420414673046
lamb_,2012-06-01,0.0287081339713
lamb_,2012-07-01,0.0181818181818
lamb_,2012-08-01,5.55111512313e-18
lamb_,2012-09-01,0.05
lamb_,2012-10-01,0.0785714285714
lamb_,2012-11-01,0.0785714285714
lamb_,2012-12-01,0.0785714285714
lamb_,2013-01-01,0.0885714285714
lamb_,2013-02-01,0.0385714285714
lamb_,2013-03-01,0.01
lamb_,2013-04-01,0.01
lamb_,2013-05-01,0.0242857142857
lamb_,2013-06-01,0.0142857142857
lamb_,2013-07-01,0.0142857142857
lamb_,2013-08-01,0.0495798319328
lamb_,2013-09-01,0.0495798319328
lamb_,2013-10-01,0.0686274509804
lamb_,2013-11-01,0.0686274509804
lamb_,2013-12-01,0.0886274509804
lamb_,2014-01-01,0.0533333333333
lamb_,2014-02-01,0.0533333333333
lamb_,2014-03-01,0.045
lamb_,2014-04-01,0.0561111111111
lamb_,2014-05-01,0.0571637426901
lamb_,2014-06-01,0.0571637426901
lamb_,2014-07-01,0.0654970760234
lamb_,2014-08-01,0.0476399331662
lamb_,2014-09-01,0.0565288220551
lamb_,2014-10-01,0.0354761904762
lamb_,2014-11-01,0.0354761904762
lamb_,2014-12-01,0.0271428571429
lamb_,2015-01-01,0.0305263157895
lamb_,2015-02-01,0.0105263157895
lamb_,2015-03-01,0.0105263157895
lamb_,2015-04-01,0.0105263157895
lamb_,2015-05-01,0.0188596491228
lamb_,2015-06-01,0.00833333333333
lamb_,2015-07-01,0.0200980392157
lamb_,2015-08-01,0.0287936913896
lamb_,2015-09-01,0.0287936913896
lamb_,2015-10-01,0.0426825802785
lamb_,2015-11-01,0.0426825802785
lamb_,2015-12-01,0.038060731539
lamb_,2016-01-01,0.0362616310892
lamb_,2016-02-01,0.0431581828134
lamb_,2016-03-01,0.0289359605911
lamb_,2016-04-01,0.0348183135323
lamb_,2016-05-01,0.0345720081136
lamb_,2016-06-01,0.0276754563895
lamb_,2016-07-01,0.0207789046653
lamb_,2016-08-01,0.0127789046653
lamb_,2016-09-01,0.00689655172414
lamb_,2016-10-01,0.00714285714286
lamb_,2016-11-01,0.0189075630252
lamb_,2016-12-01,0.0331932773109
lamb_,2017-01-01,0.0531932773109
soup_,2011-10-01,0.0
soup_,2011-11-01,0.0
soup_,2011-12-01,0.0
soup_,2012-01-01,0.0
soup_,2012-02-01,0.0105263157895
soup_,2012-03-01,0.0287081339713
soup_,2012-04-01,0.0287081339713
soup_,2012-05-01,0.0487081339713
soup_,2012-06-01,0.0487081339713
soup_,2012-07-01,0.0381818181818
soup_,2012-08-01,0.02
soup_,2012-09-01,0.045
soup_,2012-10-01,0.025
soup_,2012-11-01,0.025
soup_,2012-12-01,0.025
soup_,2013-01-01,0.035
soup_,2013-02-01,0.01
soup_,2013-03-01,0.01
soup_,2013-04-01,0.01
soup_,2013-05-01,0.01
soup_,2013-06-01,0.0111111111111
soup_,2013-07-01,0.0111111111111
soup_,2013-08-01,0.0111111111111
soup_,2013-09-01,0.0111111111111
soup_,2013-10-01,0.0111111111111
soup_,2013-11-01,0.01
soup_,2013-12-01,0.01
soup_,2014-01-01,0.01
soup_,2014-02-01,0.01
soup_,2014-03-01,0.01
soup_,2014-04-01,0.0
soup_,2014-05-01,0.0
soup_,2014-06-01,0.0
soup_,2014-07-01,0.00833333333333
soup_,2014-08-01,0.00833333333333
soup_,2014-09-01,0.00833333333333
soup_,2014-10-01,0.0147849462366
soup_,2014-11-01,0.0238758553275
soup_,2014-12-01,0.0288758553275
soup_,2015-01-01,0.0288758553275
soup_,2015-02-01,0.0368758553275
soup_,2015-03-01,0.0304242424242
soup_,2015-04-01,0.028
soup_,2015-05-01,0.0146666666667
soup_,2015-06-01,0.0146666666667
soup_,2015-07-01,0.00666666666667
soup_,2015-08-01,0.00666666666667
soup_,2015-09-01,0.00571428571429
soup_,2015-10-01,0.00571428571429
soup_,2015-11-01,0.00571428571429
soup_,2015-12-01,0.00571428571429
soup_,2016-01-01,0.0126108374384
soup_,2016-02-01,0.00689655172414
soup_,2016-03-01,0.00689655172414
soup_,2016-04-01,0.00689655172414
soup_,2016-05-01,0.00689655172414
soup_,2016-06-01,5.55111512313e-18
soup_,2016-07-01,5.55111512313e-18
soup_,2016-08-01,5.55111512313e-18
soup_,2016-09-01,5.55111512313e-18
soup_,2016-10-01,5.55111512313e-18
soup_,2016-11-01,5.55111512313e-18
soup_,2016-12-01,5.55111512313e-18
soup_,2017-01-01,5.55111512313e-18
waffle_,2011-10-01,0.0
waffle_,2011-11-01,0.0
waffle_,2011-12-01,0.0
waffle_,2012-01-01,0.0
waffle_,2012-02-01,0.0
waffle_,2012-03-01,0.0
waffle_,2012-04-01,0.0
waffle_,2012-05-01,0.0
waffle_,2012-06-01,0.0
waffle_,2012-07-01,0.0
waffle_,2012-08-01,0.0
waffle_,2012-09-01,0.0
waffle_,2012-10-01,0.0
waffle_,2012-11-01,0.0
waffle_,2012-12-01,0.0
waffle_,2013-01-01,0.0
waffle_,2013-02-01,0.0
waffle_,2013-03-01,0.0
waffle_,2013-04-01,0.0
waffle_,2013-05-01,0.0
waffle_,2013-06-01,0.0
waffle_,2013-07-01,0.0
waffle_,2013-08-01,0.0
waffle_,2013-09-01,0.0
waffle_,2013-10-01,0.0
waffle_,2013-11-01,0.0
waffle_,2013-12-01,0.0
waffle_,2014-01-01,0.0
waffle_,2014-02-01,0.0
waffle_,2014-03-01,0.0
waffle_,2014-04-01,0.0
waffle_,2014-05-01,0.0
waffle_,2014-06-01,0.0
waffle_,2014-07-01,0.0
waffle_,2014-08-01,0.0
waffle_,2014-09-01,0.0
waffle_,2014-10-01,0.0
waffle_,2014-11-01,0.0
waffle_,2014-12-01,0.0
waffle_,2015-01-01,0.0
waffle_,2015-02-01,0.0
waffle_,2015-03-01,0.0
waffle_,2015-04-01,0.0
waffle_,2015-05-01,0.0
waffle_,2015-06-01,0.0
waffle_,2015-07-01,0.0
waffle_,2015-08-01,0.0
waffle_,2015-09-01,0.0
waffle_,2015-10-01,0.0
waffle_,2015-11-01,0.0
waffle_,2015-12-01,0.0
waffle_,2016-01-01,0.0
waffle_,2016-02-01,0.0
waffle_,2016-03-01,0.0
waffle_,2016-04-01,0.0
waffle_,2016-05-01,0.0
waffle_,2016-06-01,0.0
waffle_,2016-07-01,0.0
waffle_,2016-08-01,0.0
waffle_,2016-09-01,0.0
waffle_,2016-10-01,0.0
waffle_,2016-11-01,0.0
waffle_,2016-12-01,0.0
waffle_,2017-01-01,0.0
meatbal_,2011-10-01,0.0
meatbal_,2011-11-01,0.0
meatbal_,2011-12-01,0.0
meatbal_,2012-01-01,0.0
meatbal_,2012-02-01,0.0
meatbal_,2012-03-01,0.0
meatbal_,2012-04-01,0.0
meatbal_,2012-05-01,0.0
meatbal_,2012-06-01,0.0
meatbal_,2012-07-01,0.0
meatbal_,2012-08-01,0.0
meatbal_,2012-09-01,0.0
meatbal_,2012-10-01,0.0
meatbal_,2012-11-01,0.0
meatbal_,2012-12-01,0.0
meatbal_,2013-01-01,0.0
meatbal_,2013-02-01,0.0
meatbal_,2013-03-01,0.0
meatbal_,2013-04-01,0.0
meatbal_,2013-05-01,0.0
meatbal_,2013-06-01,0.0
meatbal_,2013-07-01,0.0
meatbal_,2013-08-01,0.0
meatbal_,2013-09-01,0.0
meatbal_,2013-10-01,0.0
meatbal_,2013-11-01,0.0
meatbal_,2013-12-01,0.0
meatbal_,2014-01-01,0.0
meatbal_,2014-02-01,0.0
meatbal_,2014-03-01,0.0
meatbal_,2014-04-01,0.0
meatbal_,2014-05-01,0.0
meatbal_,2014-06-01,0.0
meatbal_,2014-07-01,0.0
meatbal_,2014-08-01,0.0
meatbal_,2014-09-01,0.0
meatbal_,2014-10-01,0.0
meatbal_,2014-11-01,0.0
meatbal_,2014-12-01,0.0
meatbal_,2015-01-01,0.0
meatbal_,2015-02-01,0.0
meatbal_,2015-03-01,0.0
meatbal_,2015-04-01,0.0
meatbal_,2015-05-01,0.0
meatbal_,2015-06-01,0.0
meatbal_,2015-07-01,0.0
meatbal_,2015-08-01,0.0
meatbal_,2015-09-01,0.0
meatbal_,2015-10-01,0.0
meatbal_,2015-11-01,0.0
meatbal_,2015-12-01,0.0
meatbal_,2016-01-01,0.0
meatbal_,2016-02-01,0.0
meatbal_,2016-03-01,0.0
meatbal_,2016-04-01,0.0
meatbal_,2016-05-01,0.0
meatbal_,2016-06-01,0.0
meatbal_,2016-07-01,0.0
meatbal_,2016-08-01,0.0
meatbal_,2016-09-01,0.0
meatbal_,2016-10-01,0.0
meatbal_,2016-11-01,0.0
meatbal_,2016-12-01,0.0
meatbal_,2017-01-01,0.0
